Year,SuicideRate
2000,13.13252421
2001,13.24566946
2002,14.59886891
2004,16.07498067
2005,15.63631495
2006,16.09959663
2007,15.96085285
2008,16.84225694
